{
  "FruitsVegCategory": [
    {
      "name": "Fruits & Vegetales",
      "slug": "fruits-vegetables"
    }
  ],
  "FruitsVegSubcategory": [
    {
      "id": "141",
      "name": "Fresh Fruits",
      "image": "",
      "categoryId": null
    },
    {
      "id": "112",
      "name": "Fresh Vegetables",
      "image": "",
      "categoryId": null
    }
  ],
  "FruitsVegProduct": [
    {
      "name": "Watermelon (Tarbuj) 1kg",
      "sub_id": "141",
      "images": ["ecb2357a-7b98-4f34-8eaf-15eaf656e50e.webp"],
      "subcategoryId": null,
      "price": 30.0,
      "mrp": 40,
      "unit": "piece",
      "quantity": 1,
      "isOrganic": false,
      "description": "Kiran watermelon is a small to medium-sized variety of watermelon. It has a dark green rind with emerald-black undertones and its flesh is dark red,crisp,and slightly grainy. They have a refreshing,light,and sweet taste and can be eaten raw,sliced,or chilled in the fridge.",
      "origin": "India",
      "availability": true
    },
    {
      "name": "Chikoo (Sapota) 400-500gm",
      "sub_id": "141",
      "images": ["f006ae7b-271f-4787-989c-47f0cbb92dda.webp"],
      "subcategoryId": null,
      "price": 54.0,
      "mrp": 75,
      "unit": "gm",
      "quantity": 450,
      "isOrganic": false,
      "description": "Sapota, also known as chikoo or sapodilla, is a tropical fruit with a unique sweet and caramel-like flavor. Sapota is often enjoyed fresh as a dessert fruit or used in milkshakes, ice creams, and smoothies.",
      "origin": "India",
      "availability": true
    },
    {
      "name": "Papaya (Papita) 500gm -1kg",
      "sub_id": "141",
      "images": ["41UCNnnqxbL.SL1024.jpg"],
      "subcategoryId": null,
      "price": 83.0,
      "mrp": 104,
      "unit": "piece",
      "quantity": 1,
      "isOrganic": false,
      "description": "Papaya is delicious eaten fresh, blended into smoothies, or used in salads and desserts.",
      "origin": "India",
      "availability": true
    },
    {
      "name": "Apple (Seb)500gm",
      "sub_id": "141",
      "images": ["7d34583b-900c-45a4-bfb1-1f5a6cc963a2.webp"],
      "subcategoryId": null,
      "price": 140.0,
      "mrp": 175,
      "unit": "gm",
      "quantity": 500,
      "isOrganic": false,
      "description": "Small Shimla apples are crisp, sweet, and perfect for snacking. Enjoy their juicy flavor as a healthy treat or add them to salads for a refreshing crunch.",
      "origin": "India",
      "availability": true
    },
    {
      "name": "Safeda / Banganapalli Mango 2 pieces (550-700 g)",
      "sub_id": "141",
      "images": ["39969f45-f68f-410f-ac52-8da3e3ba4bcc.webp"],
      "subcategoryId": null,
      "price": 89.0,
      "mrp": 121,
      "unit": "piece",
      "quantity": 2,
      "isOrganic": false,
      "description": "Safeda mangoes, also known as Banganapalli mangoes, are large, juicy mangoes with a sweet and slightly tangy flavor. They have a smooth, yellow skin and firm flesh, making them ideal for slicing and enjoying fresh or using in smoothies and desserts.",
      "origin": "India",
      "availability": true
    },
    {
      "name": "Muskmelon (Kharbuja) 1 piece (400-600 g)",
      "sub_id": "141",
      "images": ["ff9e1f43-b447-4195-9f58-99346ccda3f6.webp"],
      "subcategoryId": null,
      "price": 42.0,
      "mrp": 55,
      "unit": "piece",
      "quantity": 1,
      "isOrganic": false,
      "description": "Sweet and succulent musk melon, bursting with refreshing flavor. A perfect choice for a healthy and hydrating snack. Muskmelons are commonly enjoyed fresh as a snack or used in fruit salads, smoothies, and desserts.",
      "origin": "India",
      "availability": true
    },
    {
      "name": "Pomegranate (Anar) 2 pieces (400 g -500 g)",
      "sub_id": "141",
      "images": ["4550c788-fd2f-4831-b333-b82055d02752.webp"],
      "subcategoryId": null,
      "price": 126.0,
      "mrp": 158,
      "unit": "piece",
      "quantity": 2,
      "isOrganic": false,
      "description": "Pomegranate has a juicy cluster of sparkling, opaque, red coloured seeds which taste sweet. It can be used for topping desserts and to make juices and fruit salads.",
      "origin": "India",
      "availability": true
    },
    {
      "name": "Raw Mango (kachhe aam) (200-300) g",
      "sub_id": "141",
      "images": ["df713ef8-ce49-4bce-b308-c21b5090b1e1.webp"],
      "subcategoryId": null,
      "price": 8.0,
      "mrp": 11,
      "unit": "gm",
      "quantity": 250,
      "isOrganic": false,
      "description": "Unripe mango is a stone fruit known for its tangy, sour taste. Smaller in size with a thin, smooth, green coloured skin, raw mangoes are widely used in pickles and chutneys.",
      "origin": "India",
      "availability": true
    },
    {
      "name": "Sweet Lime (Mosambi) 1 kg (9-10 pieces)",
      "sub_id": "141",
      "images": ["a01d4f6f-bc45-44d7-8465-5f0a48d4a09c.webp"],
      "subcategoryId": null,
      "price": 88.0,
      "mrp": 122,
      "unit": "kg",
      "quantity": 1,
      "isOrganic": false,
      "description": "Mosambi, also known as sweet lime, is a citrus fruit with a mild, sweet flavor and refreshing juiciness. Enjoy it fresh for a naturally sweet and thirst-quenching experience.",
      "origin": "India",
      "availability": true
    },
    {
      "name": "Pineapple (Ananas) 1 piece (800-1000 g)",
      "sub_id": "141",
      "images": ["5036f881-7250-4f4e-a6f7-9bf12aaebc12.webp"],
      "subcategoryId": null,
      "price": 94.0,
      "mrp": 119,
      "unit": "piece",
      "quantity": 1,
      "isOrganic": false,
      "description": "Healthy and nutritious, Pineapple is a sweet and juicy fruit that makes for a delicious addition to salads. It is perfect for garnishing cocktails and other drinks and can be used for stir-fry cooking.",
      "origin": "India",
      "availability": true
    },
    {
      "name": "Langra Mango 2 pieces (400 - 600) g",
      "sub_id": "141",
      "images": ["4a8809cf-55ec-40ac-9971-ac415030a354.webp"],
      "subcategoryId": null,
      "price": 90.0,
      "mrp": 122,
      "unit": "piece",
      "quantity": 2,
      "isOrganic": false,
      "description": "Currently Langra mango is sourced from Gujrat. Early season variety is known for their sweetness as well as aromatic qualities and juicy flesh. Best enjoyed for eating as is, and they can be used in salads, desserts, shakes, ice cream and other mango-based dishes also.",
      "origin": "India",
      "availability": true
    },
    {
      "name": "Totapuri Mango 2 pieces (600-800 g)",
      "sub_id": "141",
      "images": ["98c7b530-e593-43cd-849a-0423207471ba.webp"],
      "subcategoryId": null,
      "price": 64.0,
      "mrp": 86,
      "unit": "piece",
      "quantity": 2,
      "isOrganic": false,
      "description": "Totapuri mangoes are prized for their tangy-sweet flavor and firm texture. Ideal for eating fresh, making juices, or adding a tropical twist to salads and chutneys. They have a parrot-like beak at the fruit tip and greenish yellow skin.",
      "origin": "India",
      "availability": true
    },
    {
      "name": "Grapes (Hara Angoor) 500 g",
      "sub_id": "141",
      "images": ["56396a2d-527c-4ff5-815b-4bbbed49d76b.webp"],
      "subcategoryId": null,
      "price": 101.0,
      "mrp": 140,
      "unit": "gm",
      "quantity": 500,
      "isOrganic": false,
      "description": "Green grapes are nutritional berries with a sweet-sour taste. Grapes are a great, naturally sweet treat if you are trying to reduce your sugar intake. Grapes are most often eaten fresh, out-of-hand, or sliced and mixed into green salads, yogurt, or veggie wraps.",
      "origin": "India",
      "availability": true
    },
    {
      "name": "Coriander leaves with roots (Dhaniya Patta), 100gm",
      "images": ["Coriander-leaves-with-roots.webp"],
      "sub_id": "112",

      "subcategoryId": null,
      "price": 10.0,
      "mrp": 15,
      "unit": "gm",
      "quantity": 100,
      "isOrganic": false,
      "description": "Coriander leaves, also known as cilantro, Aromatic green leaves that are largely used to flavour and garnish food. When added to heated dishes, the leaves lose their flavour, and are often used raw or garnished just before serving.",
      "origin": "India",
      "availability": true
    },
    {
      "name": "Desi Tomato (Tamatar) 500gm + Free Dhaniya",
      "images": ["Tomato-Local.webp"],
      "sub_id": "112",

      "subcategoryId": null,
      "price": 20.0,
      "mrp": 32,
      "unit": "gm",
      "quantity": 500,
      "isOrganic": false,
      "description": "Tomatoes are a significant source of umami flavor.The tomato is consumed in diverse ways, raw or cooked, in many dishes, sauces, salads, and drinks. While tomatoes are fruits—botanically classified as berries—they are commonly used culinarily as a vegetable ingredient or side dish.",
      "origin": "India",
      "availability": true
    },
    {
      "name": "Lady Finger (Bhindi) 250gm + Free Dhaniya",
      "images": ["Lady-Finger.webp"],
      "sub_id": "112",

      "subcategoryId": null,
      "price": 11.0,
      "mrp": 50,
      "unit": "gm",
      "quantity": 250,
      "isOrganic": false,
      "description": "A highly versatile vegetable in the Indian cuisine, Lady Finger can be sliced or chopped or can be paired with other vegetables for an exquisite taste. Toss in some green chillies or onions for a flavourful, wholesome main course dish.",
      "origin": "India",
      "availability": true
    },
    {
      "name": "Fresh Potato (Aaloo) - 1kg + Free Dhaniya",
      "images": ["Fresh-Potato.webp"],
      "sub_id": "112",

      "subcategoryId": null,
      "price": 26.0,
      "mrp": 32,
      "unit": "kg",
      "quantity": 1,
      "isOrganic": false,
      "description": "Potato is a starchy vegetable that is widely used in many recipes. Due to its bland taste, peeled potatoes can be mixed with a number of vegetables. Potatoes are also used in making chips and snacks.",
      "origin": "India",
      "availability": true
    },
    {
      "name": "Green Chilli 100gm (Hari Mirch) + Free Dhaniya",
      "images": ["Chilli-Green.webp"],
      "sub_id": "112",

      "subcategoryId": null,
      "price": 16.0,
      "mrp": 19,
      "unit": "gm",
      "quantity": 100,
      "isOrganic": false,
      "description": "Is Green Chilli Good for Health? Yes, Green chillies contain fewer calories, speed up your metabolism and help maintain a healthy digestive system. The antioxidants and vitamins in green chilli also provide multiple health benefits. They protect your body against free radicals and strengthen your immune system.",
      "origin": "India",
      "availability": true
    },
    {
      "name": "Brinjal Bharta (Baingan) 2pc (400-600)g + Free Daniya",
      "images": ["Brinjal-Bharta-2pc.webp"],
      "sub_id": "112",

      "subcategoryId": null,
      "price": 27.0,
      "mrp": 32,
      "unit": "piece",
      "quantity": 2,
      "isOrganic": false,
      "description": "Deep purple and oval shaped bottle brinjals are glossy skinned vegetables with a white and have a soft flesh.",
      "origin": "India",
      "availability": true
    },
    {
      "name": "Fresh Onion (Pyaaz) 1Kg + Free Dhaniya",
      "images": ["Fresh-Onion.webp"],
      "sub_id": "112",
      "subcategoryId": null,
      "price": 19.0,
      "mrp": 25,
      "unit": "kg",
      "quantity": 1,
      "isOrganic": false,
      "description": "Onion is a staple in India and are commonly chopped and used as an ingredient in various hearty warm dishes. They are versatile and can be baked, boiled, braised, grilled, fried, roasted, sautéed, or eaten raw in salads.",
      "origin": "India",
      "availability": true
    },
    {
      "name": "Cabbage (Patta Gobhi) 1 piece (400-600 g)",
      "images": ["Cabbage.webp"],
      "sub_id": "112",

      "subcategoryId": null,
      "price": 20.0,
      "mrp": 24,
      "unit": "piece",
      "quantity": 1,
      "isOrganic": false,
      "description": "Cabbage (Patta Gobhi) is a green and leafy vegetable and is not only incredibly nutritious but also fights beauty woes. Its crunchy, wavy and fresh leaves can be used in salads, sandwiches and for garnishing full course meals.",
      "origin": "India",
      "availability": true
    },
    {
      "name": "Ginger (Adrak) 200g",
      "images": ["Ginger-200-g-Combo_2.webp"],
      "sub_id": "112",

      "subcategoryId": null,
      "price": 17.0,
      "mrp": 20,
      "unit": "gm",
      "quantity": 200,
      "isOrganic": false,
      "description": "Ginger is a herb, best known for flavouring and seasoning of food and is widely used in various cuisines ranging from desi cuisines like Tadka Dal to dishes such as Garlic Bread. Garlic seems to be used in virtually all cuisines as a strong flavoring agent.",
      "origin": "India",
      "availability": true
    },
    {
      "name": "Green Capsicum (Shimla Mirch) (250-280) g",
      "images": ["Capsicum-Green.webp"],
      "sub_id": "112",
      "subcategoryId": null,
      "price": 20.0,
      "mrp": 26,
      "unit": "gm",
      "quantity": 250,
      "isOrganic": false,
      "description": "Crisp in texture and mildly sweet in taste, Green Capsicum is also known as pepper. Slightly less ripe, it has a vibrant colour and flavour. A staple in salads, it can be cooked or grilled -either ways it adds zing to any recipe.",
      "origin": "India",
      "availability": true
    },
    {
      "name": "Green Cucumber (Kheera) (500-700) g",
      "images": ["Cucumber-Green.webp"],
      "sub_id": "112",
      "subcategoryId": null,
      "price": 9.0,
      "mrp": 14,
      "unit": "gm",
      "quantity": 500,
      "isOrganic": false,
      "description": "Crisp in texture and mildly sweet in taste, Green Capsicum is also known as pepper. Slightly less ripe, it has a vibrant colour and flavour. A staple in salads, it can be cooked or grilled -either ways it adds zing to any recipe.",
      "origin": "India",
      "availability": true
    },
    {
      "name": "Garlic (Lehsun) 200g + Free Dhaniya",
      "images": ["Garlic.webp"],
      "sub_id": "112",
      "subcategoryId": null,
      "price": 35.0,
      "mrp": 40,
      "unit": "gm",
      "quantity": 200,
      "isOrganic": false,
      "description": "Garlic is a herb, best known for flavouring and seasoning of food and is widely used in various cuisines ranging from desi cuisines like Tadka Dal to dishes such as Garlic Bread. Garlic seems to be used in virtually all cuisines as a strong flavoring agent.",
      "origin": "India",
      "availability": true
    },
    {
      "name": "Cauliflower (Phool Gobhi) 1 piece (300-500 g) + Free Dhaniya",
      "images": ["Cauliflower.webp"],
      "sub_id": "112",
      "subcategoryId": null,
      "price": 33.0,
      "mrp": 40,
      "unit": "piece",
      "quantity": 1,
      "isOrganic": false,
      "description": "Cauliflower is a cruciferous vegetable that is naturally high in fiber and B-vitamins. It provides antioxidants and phytonutrients that can protect against cancer. It also contains fiber to enhance weight loss and digestion, choline that is essential for learning and memory, and many other important nutrients.",
      "origin": "India",
      "availability": true
    },
    {
      "name": "Beetroot (Chukandar) (500-600) g",
      "images": ["Organic-Beetroot.webp"],
      "sub_id": "112",

      "subcategoryId": null,
      "price": 22.0,
      "mrp": 26,
      "unit": "gm",
      "quantity": 500,
      "isOrganic": false,
      "description": "Beetroot pulp has a sweet taste and it is usually of a dark crimson red colour with purple tinges. The rich flesh of this vegetable is naturally sweet and nutritious, and adds its own touch to dishes ranging from Salads to Soups.",
      "origin": "India",
      "availability": true
    },
    {
      "name": "Orange Carrot (Gajar) 200gm-250gm",
      "images": ["Carrot-Local.webp"],
      "subcategoryId": null,
      "sub_id": "112",
      "price": 20.0,
      "mrp": 27,
      "unit": "gm",
      "quantity": 225,
      "isOrganic": false,
      "description": "Enjoy the sweet, crisp flavor of Orange Carrots. Packed with beta-carotene, vitamins, and antioxidants, they promote eye health and boost immunity. Perfect for snacking, salads, and cooking, these carrots add a nutritious touch to your meals.",
      "origin": "India",
      "availability": true
    },
    {
      "name": "Orange Carrot (Gajar) (200-250) g",
      "images": ["Carrot-Ooty.webp"],
      "subcategoryId": null,
      "sub_id": "112",
      "price": 19.0,
      "mrp": 22,
      "unit": "gm",
      "quantity": 225,
      "isOrganic": false,
      "description": "Enjoy the sweet, crisp flavor of Orange Carrots. Packed with beta-carotene, vitamins, and antioxidants, they promote eye health and boost immunity. Perfect for snacking, salads, and cooking, these carrots add a nutritious touch to your meals.",
      "origin": "India",
      "availability": true
    },
    {
      "name": "French Beans - 250 g",
      "images": ["Beans-French.webp"],
      "subcategoryId": null,
      "sub_id": "112",
      "price": 21.0,
      "mrp": 25,
      "unit": "gm",
      "quantity": 250,
      "isOrganic": false,
      "description": "French beans, also known as green beans or string beans, are slender, crisp, and vibrant green pods that are popular in culinary dishes around the world.",
      "origin": "India",
      "availability": true
    },
    {
      "name": "Baby Onion (Sirka Pyaz) 250g + Free Dhaniya",
      "images": ["loose-baby-onion.jpg"],
      "subcategoryId": null,
      "sub_id": "112",
      "price": 14.0,
      "mrp": 18,
      "unit": "gm",
      "quantity": 250,
      "isOrganic": false,
      "description": "Onions are among the richest food sources of a nutrient called quercetin, which is known to prohibit the activity or creation of cancer-causing elements. A quercetin-rich diet has been associated with a lower risk of developing lung cancer. Onions contain organic sulfur compounds.",
      "origin": "India",
      "availability": true
    },
    {
      "name": "Bitter Gourd (Karela) (250-300)g + Free Dhaniya",
      "images": ["Bitter-Gourd.webp"],
      "subcategoryId": null,
      "sub_id": "112",
      "price": 22.0,
      "mrp": 26,
      "unit": "gm",
      "quantity": 275,
      "isOrganic": false,
      "description": "Bitter Gourd is often used in making dry vegetable curries. It is also taken in the form of juice as it contains many antioxidants and essential vitamins.",
      "origin": "India",
      "availability": true
    },
    {
      "name": "Small Purple Brinjal (Baingan) (250-300) g + Free Dhaniya",
      "images": ["Nagpur-Brinjal-Baingan-Nagpur-Vankaya-250-g-Combo.webp"],
      "subcategoryId": null,
      "sub_id": "112",
      "price": 20.0,
      "mrp": 24,
      "unit": "gm",
      "quantity": 275,
      "isOrganic": false,
      "description": "Enjoy the rich flavor of Small Purple Brinjal. Packed with antioxidants, vitamins, and fiber, it supports heart health and aids digestion. Perfect for grilling, roasting, or adding to curries, this versatile vegetable adds nutrition and taste to your meals.",
      "origin": "India",
      "availability": true
    },
    {
      "name": "Cluster Beans (Gwar Phali) 250g",
      "images": ["Beans-Cluster-Gawar-Phali-.webp"],
      "subcategoryId": null,
      "sub_id": "112",
      "price": 21.0,
      "mrp": 26,
      "unit": "gm",
      "quantity": 250,
      "isOrganic": false,
      "description": "Cluster beans, also known as guar beans or gavar, are slender, green beans that grow in clusters. They are popular in Indian cuisine and have a slightly bitter taste",
      "origin": "India",
      "availability": true
    },
    {
      "name": "Beans Cowpea (Lobia Phaliyaan) 250 g Combo",
      "images": ["Beans-Cowpea-Lobia-Phaliyaan-250-g-Combo.webp"],
      "subcategoryId": null,
      "sub_id": "112",
      "price": 19.0,
      "mrp": 23,
      "unit": "gm",
      "quantity": 250,
      "isOrganic": false,
      "description": "Savor the nutritional benefits of Cowpea Fresh Beans. Rich in protein, fiber, and essential vitamins, they support heart health, aid digestion, and boost immunity. Perfect for salads, stews, and side dishes, these beans add a wholesome touch to your meals.",
      "origin": "India",
      "availability": true
    },
    {
      "name": "Round Gourd (Tinda) 250gm",
      "images": ["Round-Gourd-Tinda-.webp"],
      "subcategoryId": null,
      "sub_id": "112",
      "price": 27.0,
      "mrp": 30,
      "unit": "gm",
      "quantity": 250,
      "isOrganic": false,
      "description": "Relish the mild flavor and health benefits of Round Gourd. Packed with vitamins, minerals, and fiber, it supports digestion and hydration. Ideal for curries, stir-fries, and soups, this nutritious vegetable enhances any meal.",
      "origin": "India",
      "availability": true
    },
    {
      "name": "Kakdi 500gm + Free dhaniya",
      "images": ["Kakri.webp"],
      "subcategoryId": null,
      "sub_id": "112",
      "price": 17.0,
      "mrp": 22,
      "unit": "gm",
      "quantity": 500,
      "isOrganic": false,
      "description": "Kakdi is a long, slender cooling vegetable that is high in water content and features crispy, moisture-rich flesh and thin light green skin. It can be eaten raw or added to salads.",
      "origin": "India",
      "availability": true
    },
    {
      "name": "Bottle Gourd (Lauki) 1 piece (400-600 gm) + Free Dhaniya",
      "images": ["Bottle-Gourd.webp"],
      "subcategoryId": null,
      "sub_id": "112",
      "price": 16.0,
      "mrp": 20,
      "unit": "piece",
      "quantity": 1,
      "isOrganic": false,
      "description": "Bottle gourd is used most often in cooked applications and can be sautéed, fried, pickled or grilled. Bottle Gourd is used a lot in Indian preparations. With a short cooking time, it is often found in soups, stir fried, dal or simply served as a sabzi.",
      "origin": "India",
      "availability": true
    },
    {
      "name": "Pointed Gourd (250 gm) (Parwal)",
      "images": ["Pointed-Gourd-Parwal-250-g-Combo.webp"],
      "subcategoryId": null,
      "sub_id": "112",
      "price": 34.0,
      "mrp": 40,
      "unit": "gm",
      "quantity": 250,
      "isOrganic": false,
      "description": "Enjoy the mild flavor and health benefits of Pointed Gourd. Rich in fiber, vitamins, and antioxidants, it supports digestion and boosts immunity. Perfect for curries, stir-fries, and stews, this versatile vegetable adds nutrition and taste to your dishes.",
      "origin": "India",
      "availability": true
    },
    {
      "name": "Fenugreek (Methi) 250gm",
      "images": ["Fenugreek-Methi-without-root.webp"],
      "subcategoryId": null,
      "sub_id": "112",
      "price": 35.0,
      "mrp": 40,
      "unit": "gm",
      "quantity": 250,
      "isOrganic": false,
      "description": "Fresh Methi Chopped is hygienically washed and cut finely for ease and convenience. This is ready to use a product like in curry, dal, soup, and mainly parathas.",
      "origin": "India",
      "availability": true
    },
    {
      "name": "Spinach (Palak) 200gm",
      "images": ["Spinach-Cleaned-without-roots-250-g-Combo.webp"],
      "subcategoryId": null,
      "sub_id": "112",
      "price": 30.0,
      "mrp": 34,
      "unit": "gm",
      "quantity": 200,
      "isOrganic": false,
      "description": "Spinach is a leafy green vegetable with a fibrous texture. Bitter-sweet in taste, its tender and juicy leaves can be eaten raw either in salad or burgers and is used for preparing popular Indian delicacies such as palak paneer, aloo palak etc.",
      "origin": "India",
      "availability": true
    },
    {
      "name": "Drumstick (Munga) 200gm",
      "images": ["Drumsticks.webp"],
      "subcategoryId": null,
      "sub_id": "112",
      "price": 27.0,
      "mrp": 32,
      "unit": "gm",
      "quantity": 200,
      "isOrganic": false,
      "description": "Drumsticks (Singhi) are slender, long vegetables, which are commonly prepared by parboiling and cooking in a curry.",
      "origin": "India",
      "availability": true
    },
    {
      "name": "Jackfruit (Cut) (Kathal) 250gm",
      "images": ["Jack-Fruit-Cut.webp"],
      "subcategoryId": null,
      "sub_id": "112",
      "price": 30.0,
      "mrp": 35,
      "unit": "gm",
      "quantity": 250,
      "isOrganic": false,
      "description": "Carotenoids, the pigments that give jackfruit its yellow color, are high in vitamin A. Like all antioxidants, carotenoids protect cells from damage and help your body work right. They may help prevent diseases like cancer and heart disease, as well as eye problems like cataracts and macular degeneration.",
      "origin": "India",
      "availability": true
    },
    {
      "name": "Arvi (250-300) g",
      "images": ["5ed207d6-e616-445f-afef-eac785387dd6.webp"],
      "subcategoryId": null,
      "sub_id": "112",
      "price": 19.0,
      "mrp": 24,
      "unit": "gm",
      "quantity": 275,
      "isOrganic": false,
      "description": "Arbi, also known as taro root or colocasia, is a starchy tuber used in many cuisines. It has a mild flavor and creamy texture when cooked, often used in curries, stir-fries, and snacks. Incorporate arbi into your cooking for its unique taste and versatility!",
      "origin": "India",
      "availability": true
    },
    {
      "name": "Lemon (Nimbu) (220-250) g",
      "images": ["c655faa5-2b29-4714-8411-c98b67f4ef51.webp"],
      "subcategoryId": null,
      "sub_id": "112",
      "price": 45.0,
      "mrp": 59,
      "unit": "gm",
      "quantity": 235,
      "isOrganic": false,
      "description": "Lemon is a popular fruit that is used in small quantities to add flavor to food and brings joy to the palate and bliss to life. Lemons give flavor to baked goods, sauces, salad dressings, marinades, drinks, and desserts.",
      "origin": "India",
      "availability": true
    },
    {
      "name": "Small Purple Brinjal (Baingan) (250-300) g",
      "images": ["14795a.webp"],
      "subcategoryId": null,
      "sub_id": "112",
      "price": 15.0,
      "mrp": 20,
      "unit": "gm",
      "quantity": 275,
      "isOrganic": false,
      "description": "Enjoy the rich flavor of Small Purple Brinjal. Packed with antioxidants, vitamins, and fiber, it supports heart health and aids digestion. Perfect for grilling, roasting, or adding to curries, this versatile vegetable adds nutrition and taste to your meals.",
      "origin": "India",
      "availability": true
    }
  ]
}
