{
  "categories": [
    {
      "id": "4",
      "name": "Dairy, Bread & More",
      "image": "dairy_bread_more.jpg",
      "rating": 4.5,
      "address": "Available in all stores"
    }
  ],

  "products": [
    {
      "id": "109",
      "name": "Amul Gold Full Cream Fresh Milk (Pouch) 500ml",
      "image": "Amul-Gold-Full-Cream-Fresh-Milk-Pouch-.webp",
      "quantity": 500,
      "unit": "ml",
      "price": 34.00,
      "mrp": 34,
      "deliveryTime": "11 MINS",
      "categoryId": "4"
    },
    {
      "id": "110",
      "name": "Sanchi Gold Full Cream Fresh Milk 500ml",
      "image": "6538ad93-5a2b-4bd4-b6cb-d728067388c4.webp",
      "quantity": 500,
      "unit": "ml",
      "price": 33.00,
      "mrp": 33,
      "deliveryTime": "11 MINS",
      "categoryId": "4"
    },
    {
      "id": "111",
      "name": "Xpreso Premium Adulteration Free Milk 1lit",
      "image": "ChatGPT Image Apr 21, 2025, 04_00_09 PM.png",
      "quantity": 1,
      "unit": "Litre",
      "price": 80.00,
      "mrp": 80,
      "deliveryTime": "11 MINS",
      "categoryId": "4"
    },
    {
      "id": "112",
      "name": "Xpreso Premium Adulteration Free Milk 1lit + 12 Big banana Combo",
      "image": "ChatGPT Image Apr 21, 2025, 04_37_26 PM.png",
      "quantity": 1,
      "unit": "Litre",
      "price": 125.00,
      "mrp": 130,
      "deliveryTime": "11 MINS",
      "categoryId": "4"
    },
    {
      "id": "116",
      "name": "Amul Taaza Homogenised Toned Milk (Tetra Pack) 1Lit",
      "image": "Amul-Taaza-Homogenised-Toned-Milk-Tetra-Pack-.webp",
      "quantity": 1,
      "unit": "Litre",
      "price": 74.00,
      "mrp": 74,
      "deliveryTime": "11 MINS",
      "categoryId": "4"
    },
    {
      "id": "119",
      "name": "Top N Town Brown Bread 300 g",
      "image": "media_000000000000052462_1_Default-WF_Default-Zoom.jpg",
      "quantity": 300,
      "unit": "g",
      "price": 35.00,
      "mrp": 35,
      "deliveryTime": "11 MINS",
      "categoryId": "4"
    },
    {
      "id": "120",
      "name": "Top N Town Pizza Base 2 N",
      "image": "media_000000000000011622_1_Default-WF_Default-Zoom.jpg",
      "quantity": 200,
      "unit": "g",
      "price": 30.00,
      "mrp": 30,
      "deliveryTime": "11 MINS",
      "categoryId": "4"
    },
    {
      "id": "127",
      "name": "Kelloggs Chocos Duels 375 gm",
      "image": "media_000000000000067841_1_Default-WF_Default-Zoom.jpg",
      "quantity": 375,
      "unit": "g",
      "price": 214.00,
      "mrp": 215,
      "deliveryTime": "11 MINS",
      "categoryId": "4"
    },
    {
      "id": "128",
      "name": "Kelloggs Chocos Fills 250 g",
      "image": "media_000000000000023017_1_Default-WF_Default-Zoom.jpg",
      "quantity": 250,
      "unit": "g",
      "price": 205.00,
      "mrp": 205,
      "deliveryTime": "11 MINS",
      "categoryId": "4"
    },
    {
      "id": "129",
      "name": "Kelloggs Chocos : 1.10 kgs",
      "image": "media_000000000000015141_1_Default-WF_Default-Zoom.jpg",
      "quantity": 1.1,
      "unit": "kg",
      "price": 500.00,
      "mrp": 550,
      "deliveryTime": "11 MINS",
      "categoryId": "4"
    },
    {
      "id": "130",
      "name": "Kelloggs Real Almond Honey Corn Flakes 1kg",
      "image": "media_000000000000029805_1_Default-WF_Default-Zoom.jpg",
      "quantity": 1,
      "unit": "kg",
      "price": 499.00,
      "mrp": 580,
      "deliveryTime": "11 MINS",
      "categoryId": "4"
    },
    {
      "id": "131",
      "name": "Kelloggs Chocos: 385 gms",
      "image": "365.jpg",
      "quantity": 385,
      "unit": "g",
      "price": 215.00,
      "mrp": 215,
      "deliveryTime": "11 MINS",
      "categoryId": "4"
    },
    {
      "id": "132",
      "name": "Kelloggs Chocos Choco: 250 gms",
      "image": "LCEREALS250gmKelo8xx310521_5_B.jpg",
      "quantity": 250,
      "unit": "g",
      "price": 148.00,
      "mrp": 148,
      "deliveryTime": "11 MINS",
      "categoryId": "4"
    },
    {
      "id": "133",
      "name": "Kelloggs Cornflakes Original 250 g",
      "image": "media_000000000000010377_1_Default-WF_Default-Zoom.jpg",
      "quantity": 250,
      "unit": "g",
      "price": 120.00,
      "mrp": 120,
      "deliveryTime": "11 MINS",
      "categoryId": "4"
    },
    {
      "id": "134",
      "name": "True Elements RS Choco Balls Crunchy whole millet cereal 400gm",
      "image": "media_000000000000068292_1_Default-WF_Default-Zoom.jpg",
      "quantity": 400,
      "unit": "g",
      "price": 249.00,
      "mrp": 350,
      "deliveryTime": "11 MINS",
      "categoryId": "4"
    },
    {
      "id": "135",
      "name": "True Elements Quinoa 100% Wholegrain, High Protein & Gluten-Free Superfood 500gm",
      "image": "media_000000000000070262_1_Default-WF_Default-Zoom.jpg",
      "quantity": 500,
      "unit": "g",
      "price": 249.00,
      "mrp": 350,
      "deliveryTime": "11 MINS",
      "categoryId": "4"
    },
    {
      "id": "136",
      "name": "Bagrrys Crunch Muesli 425gm",
      "image": "media_000000000000052573_1_Default-WF_Default-Zoom.jpg",
      "quantity": 425,
      "unit": "g",
      "price": 268.00,
      "mrp": 360,
      "deliveryTime": "11 MINS",
      "categoryId": "4"
    },
    {
      "id": "137",
      "name": "Kelloggs Muesli Nuts Delight:500 gm",
      "image": "media_000000000000011991_1_Default-WF_Default-Zoom.jpg",
      "quantity": 500,
      "unit": "ml",
      "price": 382.00,
      "mrp": 385,
      "deliveryTime": "11 MINS",
      "categoryId": "4"
    },
    {
      "id": "138",
      "name": "Kelloggs Muesli Nuts Delight, Breakfast Cereal 750gm",
      "image": "12 in 1.webp",
      "quantity": 750,
      "unit": "ml",
      "price": 436.00,
      "mrp": 520,
      "deliveryTime": "11 MINS",
      "categoryId": "4"
    },
    {
      "id": "139",
      "name": "Kelloggs Muesli Fruit And Nut: 750 g",
      "image": "OCT120001217xx31OCT23_5_B.jpg",
      "quantity": 750,
      "unit": "ml",
      "price": 413.00,
      "mrp": 520,
      "deliveryTime": "11 MINS",
      "categoryId": "4"
    },
    {
      "id": "140",
      "name": "Saffola Muesli Choco Crunch: 185 g",
      "image": "JAN120007193xx27JAN24_5_B.jpg",
      "quantity": 185,
      "unit": "ml",
      "price": 99.00,
      "mrp": 149,
      "deliveryTime": "11 MINS",
      "categoryId": "4"
    },
    {
      "id": "141",
      "name": "Saffola Muesli Berry Crunch: 185 g",
      "image": "Saffola-Muesli-Berry-Crunch-With-Flavour-Pops-Fruits-Nuts-Seeds-Millets-15-In-1-.webp",
      "quantity": 185,
      "unit": "ml",
      "price": 129.00,
      "mrp": 149,
      "deliveryTime": "11 MINS",
      "categoryId": "4"
    },
    {
      "id": "142",
      "name": "Saffola Masala Oats Classic: 500 gms",
      "image": "Saffola-Masala-Oats-Classic-Masala-Anytime-Snack-Ready-in-3-mins-Millets-Goodness.webp",
      "quantity": 500,
      "unit": "ml",
      "price": 209.00,
      "mrp": 240,
      "deliveryTime": "11 MINS",
      "categoryId": "4"
    },
    {
      "id": "143",
      "name": "Quaker Oats: 400 gms",
      "image": "Quaker-Oats.webp",
      "quantity": 400,
      "unit": "ml",
      "price": 85.00,
      "mrp": 86,
      "deliveryTime": "11 MINS",
      "categoryId": "4"
    },
    {
      "id": "144",
      "name": "True Elements Rolled Oats: 1.2 kgs",
      "image": "JUN120006056xx21JUN24_5_B.jpg",
      "quantity": 1200,
      "unit": "ml",
      "price": 294.00,
      "mrp": 480,
      "deliveryTime": "11 MINS",
      "categoryId": "4"
    },
    {
      "id": "145",
      "name": "Yoga Bar Rolled Oats Jar: 1 kg",
      "image": "AUG120007185xx8AUG24_5_B.jpg",
      "quantity": 1000,
      "unit": "ml",
      "price": 282.00,
      "mrp": 490,
      "deliveryTime": "11 MINS",
      "categoryId": "4"
    },
    {
      "id": "146",
      "name": "Saffola Masala Oats Veggie Twist: 500 gms",
      "image": "APR120000141xx1APR22_5_B.jpg",
      "quantity": 500,
      "unit": "ml",
      "price": 209.00,
      "mrp": 240,
      "deliveryTime": "11 MINS",
      "categoryId": "4"
    },
    {
      "id": "147",
      "name": "Saffola Masala Oats Peppy Tomato: 500 gms",
      "image": "peppy.webp",
      "quantity": 500,
      "unit": "ml",
      "price": 209.00,
      "mrp": 240,
      "deliveryTime": "11 MINS",
      "categoryId": "4"
    },
    {
      "id": "148",
      "name": "Yoga Bar Dark Chocolate Oats: 40 g",
      "image": "AUG120007180xx7AUG24_5_B.jpg",
      "quantity": 40,
      "unit": "ml",
      "price": 30.00,
      "mrp": 30,
      "deliveryTime": "11 MINS",
      "categoryId": "4"
    },
    {
      "id": "149",
      "name": "Yoga Bar Instant Oats: 900 g",
      "image": "AUG120007295xx23AUG24_5_B.jpg",
      "quantity": 900,
      "unit": "ml",
      "price": 134.00,
      "mrp": 195,
      "deliveryTime": "11 MINS",
      "categoryId": "4"
    },
    {
      "id": "150",
      "name": "Kelloggs Granola 460 g",
      "image": "granola.jpg",
      "quantity": 460,
      "unit": "ml",
      "price": 339.00,
      "mrp": 390,
      "deliveryTime": "11 MINS",
      "categoryId": "4"
    },
    {
      "id": "151",
      "name": "Gowardhan Paneer Classic Block: 200 gms",
      "image": "KPANEER200gmGWDN3121xx090621_5_B.jpg",
      "quantity": 200,
      "unit": "ml",
      "price": 104.00,
      "mrp": 105,
      "deliveryTime": "11 MINS",
      "categoryId": "4"
    },
    {
      "id": "152",
      "name": "Amul Fresh Malai Paneer 200gm",
      "image": "Amul-Fresh-Malai-Paneer.webp",
      "quantity": 200,
      "unit": "ml",
      "price": 88.00,
      "mrp": 88,
      "deliveryTime": "11 MINS",
      "categoryId": "4"
    },
    {
      "id": "153",
      "name": "Amul Masti Dahi Pouch 400gm",
      "image": "Amul-Masti-Dahi-Pouch.webp",
      "quantity": 400,
      "unit": "ml",
      "price": 35.00,
      "mrp": 35,
      "deliveryTime": "11 MINS",
      "categoryId": "4"
    },
    {
      "id": "154",
      "categoryId": "4",
      "name": "Amul Masti Dahi: 200 gms",
      "image": "LDAHI200gmAmul10xx21721_5_B (1).jpg",
      "quantity": 200,
      "unit": "ml",
      "price": 23.00,
      "mrp": 23,
      "deliveryTime": "11 MINS"
    },
    {
      "id": "155",
      "categoryId": "4",
      "name": "Amul Elaichi Shrikhand 200gm",
      "image": "8e0559e2-68e6-4814-8d8b-f2559742cfbb.webp",
      "quantity": 200,
      "unit": "ml",
      "price": 52.00,
      "mrp": 52,
      "deliveryTime": "11 MINS"
    },
    {
      "id": "156",
      "categoryId": "4",
      "name": "Amul Salted Butter 100gm",
      "image": "Amul-Salted-Butter.webp",
      "quantity": 100,
      "unit": "ml",
      "price": 60.00,
      "mrp": 60,
      "deliveryTime": "11 MINS"
    },
    {
      "id": "157",
      "categoryId": "4",
      "name": "Amul Processed Cheese Cubes: 200 gms",
      "image": "Amul-Processed-Cheese-Cubes.webp",
      "quantity": 200,
      "unit": "ml",
      "price": 135.00,
      "mrp": 135,
      "deliveryTime": "11 MINS"
    },
    {
      "id": "158",
      "categoryId": "4",
      "name": "Amul Cheese Slices 200gm",
      "image": "Amul-Cheese-Slices.webp",
      "quantity": 200,
      "unit": "ml",
      "price": 145.00,
      "mrp": 145,
      "deliveryTime": "11 MINS"
    },
    {
      "id": "159",
      "categoryId": "4",
      "name": "Gowardhan Cheese Slice - 28 Slices: 476 gms",
      "image": "KCHEESE476gmGWDN12xx090621_5_B.jpg",
      "quantity": 476,
      "unit": "ml",
      "price": 340.00,
      "mrp": 485,
      "deliveryTime": "11 MINS"
    },
    {
      "id": "160",
      "categoryId": "4",
      "name": "Gowardhan Go Cheese Slices - Plain: 200 gms",
      "image": "SEP130000408xx3SEP24_5_B.jpg",
      "quantity": 200,
      "unit": "ml",
      "price": 125.00,
      "mrp": 190,
      "deliveryTime": "11 MINS"
    },
    {
      "id": "161",
      "categoryId": "4",
      "name": "Amul Cheese Spread Plain: 200 gms",
      "image": "Amul-Cheese-Spread-Yummy-Plain.webp",
      "quantity": 200,
      "unit": "ml",
      "price": 110.00,
      "mrp": 110,
      "deliveryTime": "11 MINS"
    },
    {
      "id": "162",
      "categoryId": "4",
      "name": "Amul Diced Mozzarella & Cheddar Cheese Blend (Frozen): 200 gms",
      "image": "LCHEESE200gmAmul14xx260620_4_B.jpg",
      "quantity": 200,
      "unit": "ml",
      "price": 125.00,
      "mrp": 125,
      "deliveryTime": "11 MINS"
    },
    {
      "id": "163",
      "categoryId": "4",
      "name": "Gowardhan Go Pizza Cheese: 200 gms",
      "image": "NOV130000412xx21NOV24_5_B.jpg",
      "quantity": 200,
      "unit": "ml",
      "price": 120.00,
      "mrp": 185,
      "deliveryTime": "11 MINS"
    },
    {
      "id": "164",
      "categoryId": "4",
      "name": "Amul Fresh Cream: 250 ml",
      "image": "740347d8-80b9-40eb-8de4-72b283acb7bc.webp",
      "quantity": 250,
      "unit": "ml",
      "price": 68.00,
      "mrp": 68,
      "deliveryTime": "11 MINS"
    }
  ]
}